<?xml version="1.0" encoding="UTF-8"?>

<Bundle xmlns="http://hl7.org/fhir">
  <id value="f8ca061a-ae02-475e-957e-7cadc11de97f"/>
  <meta>
    <lastUpdated value="2021-06-23T07:29:51.728-07:00"/>
  </meta>
  <type value="collection"/>
  <entry>
    <fullUrl value="http://hl7.org/fhir/us/pacio-rat/ValueSet/prat-entity-type-vs"/>
    <resource>
      <ValueSet>
        <id value="prat-entity-type-vs"/>
        <text>
          <status value="generated"/>
          <div xmlns="http://www.w3.org/1999/xhtml">
            <p>This value set contains 5 concepts</p>
            <p style="border: black 1px dotted; background-color: #EEEEEE; padding: 8px; margin-bottom: 8px">Expansion based on 
              <a href="CodeSystem-prat-entity-cs.html">Timepoint Entity Code System v0.1.0 (CodeSystem)</a>
            </p>
            <p>All codes from system 
              <a href="CodeSystem-prat-entity-cs.html">
                <code>http://hl7.org/fhir/us/pacio-rat/CodeSystem/prat-entity-cs</code>
              </a>
            </p>
            <table class="codes">
              <tr>
                <td style="white-space:nowrap">
                  <b>Code</b>
                </td>
                <td>
                  <b>Display</b>
                </td>
                <td>
                  <b>Definition</b>
                </td>
              </tr>
              <tr>
                <td style="white-space:nowrap">
                  <a name="http---hl7.org-fhir-us-pacio-rat-CodeSystem-prat-entity-cs-payer"> </a>
                  <a href="CodeSystem-prat-entity-cs.html#prat-entity-cs-payer">payer</a>
                </td>
                <td>Payer</td>
                <td>Payer</td>
              </tr>
              <tr>
                <td style="white-space:nowrap">
                  <a name="http---hl7.org-fhir-us-pacio-rat-CodeSystem-prat-entity-cs-regulatory-state"> </a>
                  <a href="CodeSystem-prat-entity-cs.html#prat-entity-cs-regulatory-state">regulatory-state</a>
                </td>
                <td>Regulatory - State</td>
                <td>Regulatory - State</td>
              </tr>
              <tr>
                <td style="white-space:nowrap">
                  <a name="http---hl7.org-fhir-us-pacio-rat-CodeSystem-prat-entity-cs-regulatory-federal"> </a>
                  <a href="CodeSystem-prat-entity-cs.html#prat-entity-cs-regulatory-federal">regulatory-federal</a>
                </td>
                <td>Regulatory - Federal</td>
                <td>Regulatory - Federal</td>
              </tr>
              <tr>
                <td style="white-space:nowrap">
                  <a name="http---hl7.org-fhir-us-pacio-rat-CodeSystem-prat-entity-cs-provider"> </a>
                  <a href="CodeSystem-prat-entity-cs.html#prat-entity-cs-provider">provider</a>
                </td>
                <td>Provider</td>
                <td>Provider</td>
              </tr>
              <tr>
                <td style="white-space:nowrap">
                  <a name="http---hl7.org-fhir-us-pacio-rat-CodeSystem-prat-entity-cs-accreditation-agency"> </a>
                  <a href="CodeSystem-prat-entity-cs.html#prat-entity-cs-accreditation-agency">accreditation-agency</a>
                </td>
                <td>Accreditation Agency</td>
                <td>Accreditation Agency</td>
              </tr>
            </table>
          </div>
        </text>
        <url value="http://hl7.org/fhir/us/pacio-rat/ValueSet/prat-entity-type-vs"/>
        <version value="0.1.0"/>
        <name value="TimepointEntityTypeValueSet"/>
        <title value="Timepoint Entity Type Value Set"/>
        <status value="active"/>
        <date value="2021-06-23T07:29:51-07:00"/>
        <publisher value="HL7 Community-Based Care and Privacy Working Group"/>
        <contact>
          <name value="HL7 Community-Based Care and Privacy Working Group"/>
          <telecom>
            <system value="url"/>
            <value value="http://www.hl7.org/Special/committees/patientempowerment/index.cfm"/>
          </telecom>
          <telecom>
            <system value="email"/>
            <value value="patients@lists.HL7.org"/>
          </telecom>
        </contact>
        <description value="Codes describing various entity types for structuring timepoints."/>
        <jurisdiction>
          <coding>
            <system value="urn:iso:std:iso:3166"/>
            <code value="US"/>
          </coding>
        </jurisdiction>
        <expansion>
          <identifier value="urn:uuid:58500f60-c99d-43aa-a3a3-aaefcd6af00f"/>
          <timestamp value="2021-06-23T07:30:13-07:00"/>
          <total value="5"/>
          <parameter>
            <name value="excludeNested"/>
            <valueBoolean value="false"/>
          </parameter>
          <parameter>
            <name value="version"/>
            <valueUri value="http://hl7.org/fhir/us/pacio-rat/CodeSystem/prat-entity-cs|0.1.0"/>
          </parameter>
          <contains>
            <system value="http://hl7.org/fhir/us/pacio-rat/CodeSystem/prat-entity-cs"/>
            <code value="payer"/>
            <display value="Payer"/>
          </contains>
          <contains>
            <system value="http://hl7.org/fhir/us/pacio-rat/CodeSystem/prat-entity-cs"/>
            <code value="regulatory-state"/>
            <display value="Regulatory - State"/>
          </contains>
          <contains>
            <system value="http://hl7.org/fhir/us/pacio-rat/CodeSystem/prat-entity-cs"/>
            <code value="regulatory-federal"/>
            <display value="Regulatory - Federal"/>
          </contains>
          <contains>
            <system value="http://hl7.org/fhir/us/pacio-rat/CodeSystem/prat-entity-cs"/>
            <code value="provider"/>
            <display value="Provider"/>
          </contains>
          <contains>
            <system value="http://hl7.org/fhir/us/pacio-rat/CodeSystem/prat-entity-cs"/>
            <code value="accreditation-agency"/>
            <display value="Accreditation Agency"/>
          </contains>
        </expansion>
      </ValueSet>
    </resource>
  </entry>
  <entry>
    <fullUrl value="http://hl7.org/fhir/us/pacio-rat/ValueSet/prat-service-type-vs"/>
    <resource>
      <ValueSet>
        <id value="prat-service-type-vs"/>
        <text>
          <status value="generated"/>
          <div xmlns="http://www.w3.org/1999/xhtml">
            <p>This value set contains 3 concepts</p>
            <p style="border: black 1px dotted; background-color: #EEEEEE; padding: 8px; margin-bottom: 8px">Expansion based on 
              <a href="CodeSystem-prat-service-type-cs.html">Timepoint Service Type Code System v0.1.0 (CodeSystem)</a>
            </p>
            <p>All codes from system 
              <a href="CodeSystem-prat-service-type-cs.html">
                <code>http://hl7.org/fhir/us/pacio-rat/CodeSystem/prat-service-type-cs</code>
              </a>
            </p>
            <table class="codes">
              <tr>
                <td style="white-space:nowrap">
                  <b>Code</b>
                </td>
                <td>
                  <b>Display</b>
                </td>
                <td>
                  <b>Definition</b>
                </td>
              </tr>
              <tr>
                <td style="white-space:nowrap">
                  <a name="http---hl7.org-fhir-us-pacio-rat-CodeSystem-prat-service-type-cs-oasis"> </a>
                  <a href="CodeSystem-prat-service-type-cs.html#prat-service-type-cs-oasis">oasis</a>
                </td>
                <td>OASIS</td>
                <td>CMS Home Health Outcome and Assessment Information Set</td>
              </tr>
              <tr>
                <td style="white-space:nowrap">
                  <a name="http---hl7.org-fhir-us-pacio-rat-CodeSystem-prat-service-type-cs-mds"> </a>
                  <a href="CodeSystem-prat-service-type-cs.html#prat-service-type-cs-mds">mds</a>
                </td>
                <td>MDS</td>
                <td>CMS Minimum Data Set - Resident Assessment and Care Screening</td>
              </tr>
              <tr>
                <td style="white-space:nowrap">
                  <a name="http---hl7.org-fhir-us-pacio-rat-CodeSystem-prat-service-type-cs-pt"> </a>
                  <a href="CodeSystem-prat-service-type-cs.html#prat-service-type-cs-pt">pt</a>
                </td>
                <td>Physical Therapy Assessment</td>
                <td>Physical Therapy Assessment</td>
              </tr>
            </table>
          </div>
        </text>
        <url value="http://hl7.org/fhir/us/pacio-rat/ValueSet/prat-service-type-vs"/>
        <version value="0.1.0"/>
        <name value="TimepointServiceTypeValueSet"/>
        <title value="Timepoint Service Type Value Set"/>
        <status value="active"/>
        <date value="2021-06-23T07:29:51-07:00"/>
        <publisher value="HL7 Community-Based Care and Privacy Working Group"/>
        <contact>
          <name value="HL7 Community-Based Care and Privacy Working Group"/>
          <telecom>
            <system value="url"/>
            <value value="http://www.hl7.org/Special/committees/patientempowerment/index.cfm"/>
          </telecom>
          <telecom>
            <system value="email"/>
            <value value="patients@lists.HL7.org"/>
          </telecom>
        </contact>
        <description value="Various service types of clinical assessment or instrument that a timepoint is centered on."/>
        <jurisdiction>
          <coding>
            <system value="urn:iso:std:iso:3166"/>
            <code value="US"/>
          </coding>
        </jurisdiction>
        <expansion>
          <identifier value="urn:uuid:503830a0-cfa7-4189-b5df-12dec17d978e"/>
          <timestamp value="2021-06-23T07:30:13-07:00"/>
          <total value="3"/>
          <parameter>
            <name value="excludeNested"/>
            <valueBoolean value="false"/>
          </parameter>
          <parameter>
            <name value="version"/>
            <valueUri value="http://hl7.org/fhir/us/pacio-rat/CodeSystem/prat-service-type-cs|0.1.0"/>
          </parameter>
          <contains>
            <system value="http://hl7.org/fhir/us/pacio-rat/CodeSystem/prat-service-type-cs"/>
            <code value="oasis"/>
            <display value="OASIS"/>
          </contains>
          <contains>
            <system value="http://hl7.org/fhir/us/pacio-rat/CodeSystem/prat-service-type-cs"/>
            <code value="mds"/>
            <display value="MDS"/>
          </contains>
          <contains>
            <system value="http://hl7.org/fhir/us/pacio-rat/CodeSystem/prat-service-type-cs"/>
            <code value="pt"/>
            <display value="Physical Therapy Assessment"/>
          </contains>
        </expansion>
      </ValueSet>
    </resource>
  </entry>
  <entry>
    <fullUrl value="http://hl7.org/fhir/us/pacio-rat/ValueSet/prat-status-vs"/>
    <resource>
      <ValueSet>
        <id value="prat-status-vs"/>
        <text>
          <status value="generated"/>
          <div xmlns="http://www.w3.org/1999/xhtml">
            <p>This value set contains 3 concepts</p>
            <p style="border: black 1px dotted; background-color: #EEEEEE; padding: 8px; margin-bottom: 8px">Expansion based on 
              <a href="http://hl7.org/fhir/R4/codesystem-encounter-status.html">EncounterStatus v4.0.1 (CodeSystem)</a>
            </p>
            <p>All codes from system 
              <a href="http://hl7.org/fhir/R4/codesystem-encounter-status.html">
                <code>http://hl7.org/fhir/encounter-status</code>
              </a>
            </p>
            <table class="codes">
              <tr>
                <td style="white-space:nowrap">
                  <b>Code</b>
                </td>
                <td>
                  <b>Display</b>
                </td>
                <td>
                  <b>Definition</b>
                </td>
              </tr>
              <tr>
                <td style="white-space:nowrap">
                  <a name="http---hl7.org-fhir-encounter-status-in-progress"> </a>
                  <a href="http://hl7.org/fhir/R4/codesystem-encounter-status.html#encounter-status-in-progress">in-progress</a>
                </td>
                <td>In Progress</td>
                <td>The Encounter has begun and the patient is present / the practitioner and the patient are meeting.</td>
              </tr>
              <tr>
                <td style="white-space:nowrap">
                  <a name="http---hl7.org-fhir-encounter-status-finished"> </a>
                  <a href="http://hl7.org/fhir/R4/codesystem-encounter-status.html#encounter-status-finished">finished</a>
                </td>
                <td>Finished</td>
                <td>The Encounter has ended.</td>
              </tr>
              <tr>
                <td style="white-space:nowrap">
                  <a name="http---hl7.org-fhir-encounter-status-planned"> </a>
                  <a href="http://hl7.org/fhir/R4/codesystem-encounter-status.html#encounter-status-planned">planned</a>
                </td>
                <td>Planned</td>
                <td>The Encounter has not yet started.</td>
              </tr>
            </table>
          </div>
        </text>
        <url value="http://hl7.org/fhir/us/pacio-rat/ValueSet/prat-status-vs"/>
        <version value="0.1.0"/>
        <name value="TimepointStatusValueSet"/>
        <title value="Timepoint Status Value Set"/>
        <status value="active"/>
        <date value="2021-06-23T07:29:51-07:00"/>
        <publisher value="HL7 Community-Based Care and Privacy Working Group"/>
        <contact>
          <name value="HL7 Community-Based Care and Privacy Working Group"/>
          <telecom>
            <system value="url"/>
            <value value="http://www.hl7.org/Special/committees/patientempowerment/index.cfm"/>
          </telecom>
          <telecom>
            <system value="email"/>
            <value value="patients@lists.HL7.org"/>
          </telecom>
        </contact>
        <description value="Codes for the current state of the re-assessment timepoint."/>
        <jurisdiction>
          <coding>
            <system value="urn:iso:std:iso:3166"/>
            <code value="US"/>
          </coding>
        </jurisdiction>
        <expansion>
          <identifier value="urn:uuid:82e9a66d-e28c-45e1-acf5-8ba8f5fa7b80"/>
          <timestamp value="2021-06-23T07:30:14-07:00"/>
          <total value="3"/>
          <parameter>
            <name value="excludeNested"/>
            <valueBoolean value="false"/>
          </parameter>
          <parameter>
            <name value="version"/>
            <valueUri value="http://hl7.org/fhir/encounter-status|4.0.1"/>
          </parameter>
          <contains>
            <system value="http://hl7.org/fhir/encounter-status"/>
            <code value="in-progress"/>
            <display value="In Progress"/>
          </contains>
          <contains>
            <system value="http://hl7.org/fhir/encounter-status"/>
            <code value="finished"/>
            <display value="Finished"/>
          </contains>
          <contains>
            <system value="http://hl7.org/fhir/encounter-status"/>
            <code value="planned"/>
            <display value="Planned"/>
          </contains>
        </expansion>
      </ValueSet>
    </resource>
  </entry>
</Bundle>