<?xml version="1.0" encoding="UTF-8"?>

<Bundle xmlns="http://hl7.org/fhir">
  <id value="53b60bc7-47bb-40a9-8ee8-523745f30339"/>
  <meta>
    <lastUpdated value="2021-07-07T17:06:07.202-07:00"/>
  </meta>
  <type value="collection"/>
  <entry>
    <fullUrl value="http://hl7.org/fhir/us/pacio-rat/ValueSet/prat-class-vs"/>
    <resource>
      <ValueSet>
        <id value="prat-class-vs"/>
        <text>
          <status value="generated"/>
          <div xmlns="http://www.w3.org/1999/xhtml">
            <p>This value set contains 12 concepts</p>
            <div style="border: black 1px dotted; background-color: #EEEEEE; padding: 8px; margin-bottom: 8px">
              <p>Expansion based on: </p>
              <ul>
                <li>
                  <a href="https://terminology.hl7.org/1.0.0//CodeSystem-v3-ActCode.html">ActCode v2.0.0 (CodeSystem)</a>
                </li>
                <li>
                  <a href="CodeSystem-prat-class-cs.html">Timepoint Class Code System v0.1.0 (CodeSystem)</a>
                </li>
                <li>
                  <a href="https://terminology.hl7.org/1.0.0//ValueSet-v3-ActEncounterCode.html">ActEncounterCode v2.0.0 (ValueSet)</a>
                </li>
              </ul>
            </div>
            <table class="codes">
              <tr>
                <td style="white-space:nowrap">
                  <b>Code</b>
                </td>
                <td>
                  <b>System</b>
                </td>
                <td>
                  <b>Display</b>
                </td>
                <td>
                  <b>Definition</b>
                </td>
              </tr>
              <tr>
                <td style="white-space:nowrap">
                  <a name="http---terminology.hl7.org-CodeSystem-v3-ActCode-AMB"> </a>
                  <a href="https://terminology.hl7.org/1.0.0//CodeSystem-v3-ActCode.html#v3-ActCode-AMB">AMB</a>
                </td>
                <td>http://terminology.hl7.org/CodeSystem/v3-ActCode</td>
                <td>ambulatory</td>
                <td>A comprehensive term for health care provided in a healthcare facility (e.g. a practitioneraTMs office, clinic setting, or hospital) on a nonresident basis. The term ambulatory usually implies that the patient has come to the location and is not assigned to a bed. Sometimes referred to as an outpatient encounter.</td>
              </tr>
              <tr>
                <td style="white-space:nowrap">
                  <a name="http---terminology.hl7.org-CodeSystem-v3-ActCode-EMER"> </a>
                  <a href="https://terminology.hl7.org/1.0.0//CodeSystem-v3-ActCode.html#v3-ActCode-EMER">EMER</a>
                </td>
                <td>http://terminology.hl7.org/CodeSystem/v3-ActCode</td>
                <td>emergency</td>
                <td>A patient encounter that takes place at a dedicated healthcare service delivery location where the patient receives immediate evaluation and treatment, provided until the patient can be discharged or responsibility for the patient&#39;s care is transferred elsewhere (for example, the patient could be admitted as an inpatient or transferred to another facility.)</td>
              </tr>
              <tr>
                <td style="white-space:nowrap">
                  <a name="http---terminology.hl7.org-CodeSystem-v3-ActCode-FLD"> </a>
                  <a href="https://terminology.hl7.org/1.0.0//CodeSystem-v3-ActCode.html#v3-ActCode-FLD">FLD</a>
                </td>
                <td>http://terminology.hl7.org/CodeSystem/v3-ActCode</td>
                <td>field</td>
                <td>A patient encounter that takes place both outside a dedicated service delivery location and outside a patient&#39;s residence. Example locations might include an accident site and at a supermarket.</td>
              </tr>
              <tr>
                <td style="white-space:nowrap">
                  <a name="http---terminology.hl7.org-CodeSystem-v3-ActCode-HH"> </a>
                  <a href="https://terminology.hl7.org/1.0.0//CodeSystem-v3-ActCode.html#v3-ActCode-HH">HH</a>
                </td>
                <td>http://terminology.hl7.org/CodeSystem/v3-ActCode</td>
                <td>home health</td>
                <td>Healthcare encounter that takes place in the residence of the patient or a designee</td>
              </tr>
              <tr>
                <td style="white-space:nowrap">
                  <a name="http---terminology.hl7.org-CodeSystem-v3-ActCode-IMP"> </a>
                  <a href="https://terminology.hl7.org/1.0.0//CodeSystem-v3-ActCode.html#v3-ActCode-IMP">IMP</a>
                </td>
                <td>http://terminology.hl7.org/CodeSystem/v3-ActCode</td>
                <td>inpatient encounter</td>
                <td>A patient encounter where a patient is admitted by a hospital or equivalent facility, assigned to a location where patients generally stay at least overnight and provided with room, board, and continuous nursing service.</td>
              </tr>
              <tr>
                <td style="white-space:nowrap">
                  <a name="http---terminology.hl7.org-CodeSystem-v3-ActCode-ACUTE"> </a>
                  <a href="https://terminology.hl7.org/1.0.0//CodeSystem-v3-ActCode.html#v3-ActCode-ACUTE">ACUTE</a>
                </td>
                <td>http://terminology.hl7.org/CodeSystem/v3-ActCode</td>
                <td>inpatient acute</td>
                <td>An acute inpatient encounter.</td>
              </tr>
              <tr>
                <td style="white-space:nowrap">
                  <a name="http---terminology.hl7.org-CodeSystem-v3-ActCode-NONAC"> </a>
                  <a href="https://terminology.hl7.org/1.0.0//CodeSystem-v3-ActCode.html#v3-ActCode-NONAC">NONAC</a>
                </td>
                <td>http://terminology.hl7.org/CodeSystem/v3-ActCode</td>
                <td>inpatient non-acute</td>
                <td>Any category of inpatient encounter except &#39;acute&#39;</td>
              </tr>
              <tr>
                <td style="white-space:nowrap">
                  <a name="http---terminology.hl7.org-CodeSystem-v3-ActCode-OBSENC"> </a>
                  <a href="https://terminology.hl7.org/1.0.0//CodeSystem-v3-ActCode.html#v3-ActCode-OBSENC">OBSENC</a>
                </td>
                <td>http://terminology.hl7.org/CodeSystem/v3-ActCode</td>
                <td>observation encounter</td>
                <td>An encounter where the patient usually will start in different encounter, such as one in the emergency department (EMER) but then transition to this type of encounter because they require a significant period of treatment and monitoring to determine whether or not their condition warrants an inpatient admission or discharge. In the majority of cases the decision about admission or discharge will occur within a time period determined by local, regional or national regulation, often between 24 and 48 hours.</td>
              </tr>
              <tr>
                <td style="white-space:nowrap">
                  <a name="http---terminology.hl7.org-CodeSystem-v3-ActCode-PRENC"> </a>
                  <a href="https://terminology.hl7.org/1.0.0//CodeSystem-v3-ActCode.html#v3-ActCode-PRENC">PRENC</a>
                </td>
                <td>http://terminology.hl7.org/CodeSystem/v3-ActCode</td>
                <td>pre-admission</td>
                <td>A patient encounter where patient is scheduled or planned to receive service delivery in the future, and the patient is given a pre-admission account number. When the patient comes back for subsequent service, the pre-admission encounter is selected and is encapsulated into the service registration, and a new account number is generated.

*Usage Note:* This is intended to be used in advance of encounter types such as ambulatory, inpatient encounter, virtual, etc.</td>
              </tr>
              <tr>
                <td style="white-space:nowrap">
                  <a name="http---terminology.hl7.org-CodeSystem-v3-ActCode-SS"> </a>
                  <a href="https://terminology.hl7.org/1.0.0//CodeSystem-v3-ActCode.html#v3-ActCode-SS">SS</a>
                </td>
                <td>http://terminology.hl7.org/CodeSystem/v3-ActCode</td>
                <td>short stay</td>
                <td>An encounter where the patient is admitted to a health care facility for a predetermined length of time, usually less than 24 hours.</td>
              </tr>
              <tr>
                <td style="white-space:nowrap">
                  <a name="http---terminology.hl7.org-CodeSystem-v3-ActCode-VR"> </a>
                  <a href="https://terminology.hl7.org/1.0.0//CodeSystem-v3-ActCode.html#v3-ActCode-VR">VR</a>
                </td>
                <td>http://terminology.hl7.org/CodeSystem/v3-ActCode</td>
                <td>virtual</td>
                <td>A patient encounter where the patient and the practitioner(s) are not in the same physical location. Examples include telephone conference, email exchange, robotic surgery, and televideo conference.</td>
              </tr>
              <tr>
                <td style="white-space:nowrap">
                  <a name="http---hl7.org-fhir-us-pacio-rat-CodeSystem-prat-class-cs-SNF"> </a>
                  <a href="CodeSystem-prat-class-cs.html#prat-class-cs-SNF">SNF</a>
                </td>
                <td>http://hl7.org/fhir/us/pacio-rat/CodeSystem/prat-class-cs</td>
                <td>skilled nursing facility</td>
                <td>Healthcare encounter that takes place in a skilled nursing facility.</td>
              </tr>
            </table>
          </div>
        </text>
        <url value="http://hl7.org/fhir/us/pacio-rat/ValueSet/prat-class-vs"/>
        <version value="0.1.0"/>
        <name value="TimepointClassValueSet"/>
        <title value="Timepoint Class Value Set"/>
        <status value="active"/>
        <date value="2021-07-07T17:06:07-07:00"/>
        <publisher value="HL7 Community-Based Care and Privacy Working Group"/>
        <contact>
          <name value="HL7 Community-Based Care and Privacy Working Group"/>
          <telecom>
            <system value="url"/>
            <value value="http://www.hl7.org/Special/committees/patientempowerment/index.cfm"/>
          </telecom>
          <telecom>
            <system value="email"/>
            <value value="patients@lists.HL7.org"/>
          </telecom>
        </contact>
        <description value="Codes for the classification of patient timepoint. This is an extension of the ActEncounterCode value set"/>
        <jurisdiction>
          <coding>
            <system value="urn:iso:std:iso:3166"/>
            <code value="US"/>
          </coding>
        </jurisdiction>
        <expansion>
          <identifier value="urn:uuid:3cc3afe5-c5a1-490e-af63-8423eaac202f"/>
          <timestamp value="2021-07-07T17:06:46-07:00"/>
          <total value="12"/>
          <parameter>
            <name value="excludeNested"/>
            <valueBoolean value="false"/>
          </parameter>
          <parameter>
            <name value="version"/>
            <valueUri value="http://terminology.hl7.org/ValueSet/v3-ActEncounterCode|2.0.0"/>
          </parameter>
          <parameter>
            <name value="version"/>
            <valueUri value="http://terminology.hl7.org/CodeSystem/v3-ActCode|2.0.0"/>
          </parameter>
          <parameter>
            <name value="version"/>
            <valueUri value="http://hl7.org/fhir/us/pacio-rat/CodeSystem/prat-class-cs|0.1.0"/>
          </parameter>
          <contains>
            <system value="http://terminology.hl7.org/CodeSystem/v3-ActCode"/>
            <abstract value="false"/>
            <inactive value="false"/>
            <code value="AMB"/>
            <display value="ambulatory"/>
          </contains>
          <contains>
            <system value="http://terminology.hl7.org/CodeSystem/v3-ActCode"/>
            <abstract value="false"/>
            <inactive value="false"/>
            <code value="EMER"/>
            <display value="emergency"/>
          </contains>
          <contains>
            <system value="http://terminology.hl7.org/CodeSystem/v3-ActCode"/>
            <abstract value="false"/>
            <inactive value="false"/>
            <code value="FLD"/>
            <display value="field"/>
          </contains>
          <contains>
            <system value="http://terminology.hl7.org/CodeSystem/v3-ActCode"/>
            <abstract value="false"/>
            <inactive value="false"/>
            <code value="HH"/>
            <display value="home health"/>
          </contains>
          <contains>
            <system value="http://terminology.hl7.org/CodeSystem/v3-ActCode"/>
            <abstract value="false"/>
            <inactive value="false"/>
            <code value="IMP"/>
            <display value="inpatient encounter"/>
          </contains>
          <contains>
            <system value="http://terminology.hl7.org/CodeSystem/v3-ActCode"/>
            <abstract value="false"/>
            <inactive value="false"/>
            <code value="ACUTE"/>
            <display value="inpatient acute"/>
          </contains>
          <contains>
            <system value="http://terminology.hl7.org/CodeSystem/v3-ActCode"/>
            <abstract value="false"/>
            <inactive value="false"/>
            <code value="NONAC"/>
            <display value="inpatient non-acute"/>
          </contains>
          <contains>
            <system value="http://terminology.hl7.org/CodeSystem/v3-ActCode"/>
            <abstract value="false"/>
            <inactive value="false"/>
            <code value="OBSENC"/>
            <display value="observation encounter"/>
          </contains>
          <contains>
            <system value="http://terminology.hl7.org/CodeSystem/v3-ActCode"/>
            <abstract value="false"/>
            <inactive value="false"/>
            <code value="PRENC"/>
            <display value="pre-admission"/>
          </contains>
          <contains>
            <system value="http://terminology.hl7.org/CodeSystem/v3-ActCode"/>
            <abstract value="false"/>
            <inactive value="false"/>
            <code value="SS"/>
            <display value="short stay"/>
          </contains>
          <contains>
            <system value="http://terminology.hl7.org/CodeSystem/v3-ActCode"/>
            <abstract value="false"/>
            <inactive value="false"/>
            <code value="VR"/>
            <display value="virtual"/>
          </contains>
          <contains>
            <system value="http://hl7.org/fhir/us/pacio-rat/CodeSystem/prat-class-cs"/>
            <code value="SNF"/>
            <display value="skilled nursing facility"/>
          </contains>
        </expansion>
      </ValueSet>
    </resource>
  </entry>
  <entry>
    <fullUrl value="http://hl7.org/fhir/us/pacio-rat/ValueSet/prat-entity-type-vs"/>
    <resource>
      <ValueSet>
        <id value="prat-entity-type-vs"/>
        <text>
          <status value="generated"/>
          <div xmlns="http://www.w3.org/1999/xhtml">
            <p>This value set contains 5 concepts</p>
            <p style="border: black 1px dotted; background-color: #EEEEEE; padding: 8px; margin-bottom: 8px">Expansion based on 
              <a href="CodeSystem-prat-entity-cs.html">Timepoint Entity Code System v0.1.0 (CodeSystem)</a>
            </p>
            <p>All codes from system 
              <a href="CodeSystem-prat-entity-cs.html">
                <code>http://hl7.org/fhir/us/pacio-rat/CodeSystem/prat-entity-cs</code>
              </a>
            </p>
            <table class="codes">
              <tr>
                <td style="white-space:nowrap">
                  <b>Code</b>
                </td>
                <td>
                  <b>Display</b>
                </td>
                <td>
                  <b>Definition</b>
                </td>
              </tr>
              <tr>
                <td style="white-space:nowrap">
                  <a name="http---hl7.org-fhir-us-pacio-rat-CodeSystem-prat-entity-cs-payer"> </a>
                  <a href="CodeSystem-prat-entity-cs.html#prat-entity-cs-payer">payer</a>
                </td>
                <td>Payer</td>
                <td>Payer</td>
              </tr>
              <tr>
                <td style="white-space:nowrap">
                  <a name="http---hl7.org-fhir-us-pacio-rat-CodeSystem-prat-entity-cs-regulatory-state"> </a>
                  <a href="CodeSystem-prat-entity-cs.html#prat-entity-cs-regulatory-state">regulatory-state</a>
                </td>
                <td>Regulatory - State</td>
                <td>Regulatory - State</td>
              </tr>
              <tr>
                <td style="white-space:nowrap">
                  <a name="http---hl7.org-fhir-us-pacio-rat-CodeSystem-prat-entity-cs-regulatory-federal"> </a>
                  <a href="CodeSystem-prat-entity-cs.html#prat-entity-cs-regulatory-federal">regulatory-federal</a>
                </td>
                <td>Regulatory - Federal</td>
                <td>Regulatory - Federal</td>
              </tr>
              <tr>
                <td style="white-space:nowrap">
                  <a name="http---hl7.org-fhir-us-pacio-rat-CodeSystem-prat-entity-cs-provider"> </a>
                  <a href="CodeSystem-prat-entity-cs.html#prat-entity-cs-provider">provider</a>
                </td>
                <td>Provider</td>
                <td>Provider</td>
              </tr>
              <tr>
                <td style="white-space:nowrap">
                  <a name="http---hl7.org-fhir-us-pacio-rat-CodeSystem-prat-entity-cs-accreditation-agency"> </a>
                  <a href="CodeSystem-prat-entity-cs.html#prat-entity-cs-accreditation-agency">accreditation-agency</a>
                </td>
                <td>Accreditation Agency</td>
                <td>Accreditation Agency</td>
              </tr>
            </table>
          </div>
        </text>
        <url value="http://hl7.org/fhir/us/pacio-rat/ValueSet/prat-entity-type-vs"/>
        <version value="0.1.0"/>
        <name value="TimepointEntityTypeValueSet"/>
        <title value="Timepoint Entity Type Value Set"/>
        <status value="active"/>
        <date value="2021-07-07T17:06:07-07:00"/>
        <publisher value="HL7 Community-Based Care and Privacy Working Group"/>
        <contact>
          <name value="HL7 Community-Based Care and Privacy Working Group"/>
          <telecom>
            <system value="url"/>
            <value value="http://www.hl7.org/Special/committees/patientempowerment/index.cfm"/>
          </telecom>
          <telecom>
            <system value="email"/>
            <value value="patients@lists.HL7.org"/>
          </telecom>
        </contact>
        <description value="Codes describing various entity types for structuring timepoints."/>
        <jurisdiction>
          <coding>
            <system value="urn:iso:std:iso:3166"/>
            <code value="US"/>
          </coding>
        </jurisdiction>
        <expansion>
          <identifier value="urn:uuid:29c4b180-094c-4b6a-9e00-159392e47b98"/>
          <timestamp value="2021-07-07T17:06:46-07:00"/>
          <total value="5"/>
          <parameter>
            <name value="excludeNested"/>
            <valueBoolean value="false"/>
          </parameter>
          <parameter>
            <name value="version"/>
            <valueUri value="http://hl7.org/fhir/us/pacio-rat/CodeSystem/prat-entity-cs|0.1.0"/>
          </parameter>
          <contains>
            <system value="http://hl7.org/fhir/us/pacio-rat/CodeSystem/prat-entity-cs"/>
            <code value="payer"/>
            <display value="Payer"/>
          </contains>
          <contains>
            <system value="http://hl7.org/fhir/us/pacio-rat/CodeSystem/prat-entity-cs"/>
            <code value="regulatory-state"/>
            <display value="Regulatory - State"/>
          </contains>
          <contains>
            <system value="http://hl7.org/fhir/us/pacio-rat/CodeSystem/prat-entity-cs"/>
            <code value="regulatory-federal"/>
            <display value="Regulatory - Federal"/>
          </contains>
          <contains>
            <system value="http://hl7.org/fhir/us/pacio-rat/CodeSystem/prat-entity-cs"/>
            <code value="provider"/>
            <display value="Provider"/>
          </contains>
          <contains>
            <system value="http://hl7.org/fhir/us/pacio-rat/CodeSystem/prat-entity-cs"/>
            <code value="accreditation-agency"/>
            <display value="Accreditation Agency"/>
          </contains>
        </expansion>
      </ValueSet>
    </resource>
  </entry>
  <entry>
    <fullUrl value="http://hl7.org/fhir/us/pacio-rat/ValueSet/prat-service-type-vs"/>
    <resource>
      <ValueSet>
        <id value="prat-service-type-vs"/>
        <text>
          <status value="generated"/>
          <div xmlns="http://www.w3.org/1999/xhtml">
            <p>This value set contains 3 concepts</p>
            <p style="border: black 1px dotted; background-color: #EEEEEE; padding: 8px; margin-bottom: 8px">Expansion based on 
              <a href="CodeSystem-prat-service-type-cs.html">Timepoint Service Type Code System v0.1.0 (CodeSystem)</a>
            </p>
            <p>All codes from system 
              <a href="CodeSystem-prat-service-type-cs.html">
                <code>http://hl7.org/fhir/us/pacio-rat/CodeSystem/prat-service-type-cs</code>
              </a>
            </p>
            <table class="codes">
              <tr>
                <td style="white-space:nowrap">
                  <b>Code</b>
                </td>
                <td>
                  <b>Display</b>
                </td>
                <td>
                  <b>Definition</b>
                </td>
              </tr>
              <tr>
                <td style="white-space:nowrap">
                  <a name="http---hl7.org-fhir-us-pacio-rat-CodeSystem-prat-service-type-cs-oasis"> </a>
                  <a href="CodeSystem-prat-service-type-cs.html#prat-service-type-cs-oasis">oasis</a>
                </td>
                <td>OASIS</td>
                <td>CMS Home Health Outcome and Assessment Information Set</td>
              </tr>
              <tr>
                <td style="white-space:nowrap">
                  <a name="http---hl7.org-fhir-us-pacio-rat-CodeSystem-prat-service-type-cs-mds"> </a>
                  <a href="CodeSystem-prat-service-type-cs.html#prat-service-type-cs-mds">mds</a>
                </td>
                <td>MDS</td>
                <td>CMS Minimum Data Set - Resident Assessment and Care Screening</td>
              </tr>
              <tr>
                <td style="white-space:nowrap">
                  <a name="http---hl7.org-fhir-us-pacio-rat-CodeSystem-prat-service-type-cs-pt"> </a>
                  <a href="CodeSystem-prat-service-type-cs.html#prat-service-type-cs-pt">pt</a>
                </td>
                <td>Physical Therapy Assessment</td>
                <td>Physical Therapy Assessment</td>
              </tr>
            </table>
          </div>
        </text>
        <url value="http://hl7.org/fhir/us/pacio-rat/ValueSet/prat-service-type-vs"/>
        <version value="0.1.0"/>
        <name value="TimepointServiceTypeValueSet"/>
        <title value="Timepoint Service Type Value Set"/>
        <status value="active"/>
        <date value="2021-07-07T17:06:07-07:00"/>
        <publisher value="HL7 Community-Based Care and Privacy Working Group"/>
        <contact>
          <name value="HL7 Community-Based Care and Privacy Working Group"/>
          <telecom>
            <system value="url"/>
            <value value="http://www.hl7.org/Special/committees/patientempowerment/index.cfm"/>
          </telecom>
          <telecom>
            <system value="email"/>
            <value value="patients@lists.HL7.org"/>
          </telecom>
        </contact>
        <description value="Various service types of clinical assessment or instrument that a timepoint is centered on."/>
        <jurisdiction>
          <coding>
            <system value="urn:iso:std:iso:3166"/>
            <code value="US"/>
          </coding>
        </jurisdiction>
        <expansion>
          <identifier value="urn:uuid:60b53224-7f92-4cdb-b979-1433f37e9782"/>
          <timestamp value="2021-07-07T17:06:46-07:00"/>
          <total value="3"/>
          <parameter>
            <name value="excludeNested"/>
            <valueBoolean value="false"/>
          </parameter>
          <parameter>
            <name value="version"/>
            <valueUri value="http://hl7.org/fhir/us/pacio-rat/CodeSystem/prat-service-type-cs|0.1.0"/>
          </parameter>
          <contains>
            <system value="http://hl7.org/fhir/us/pacio-rat/CodeSystem/prat-service-type-cs"/>
            <code value="oasis"/>
            <display value="OASIS"/>
          </contains>
          <contains>
            <system value="http://hl7.org/fhir/us/pacio-rat/CodeSystem/prat-service-type-cs"/>
            <code value="mds"/>
            <display value="MDS"/>
          </contains>
          <contains>
            <system value="http://hl7.org/fhir/us/pacio-rat/CodeSystem/prat-service-type-cs"/>
            <code value="pt"/>
            <display value="Physical Therapy Assessment"/>
          </contains>
        </expansion>
      </ValueSet>
    </resource>
  </entry>
  <entry>
    <fullUrl value="http://hl7.org/fhir/us/pacio-rat/ValueSet/prat-status-vs"/>
    <resource>
      <ValueSet>
        <id value="prat-status-vs"/>
        <text>
          <status value="generated"/>
          <div xmlns="http://www.w3.org/1999/xhtml">
            <p>This value set contains 3 concepts</p>
            <p style="border: black 1px dotted; background-color: #EEEEEE; padding: 8px; margin-bottom: 8px">Expansion based on 
              <a href="http://hl7.org/fhir/R4/codesystem-encounter-status.html">EncounterStatus v4.0.1 (CodeSystem)</a>
            </p>
            <p>All codes from system 
              <a href="http://hl7.org/fhir/R4/codesystem-encounter-status.html">
                <code>http://hl7.org/fhir/encounter-status</code>
              </a>
            </p>
            <table class="codes">
              <tr>
                <td style="white-space:nowrap">
                  <b>Code</b>
                </td>
                <td>
                  <b>Display</b>
                </td>
                <td>
                  <b>Definition</b>
                </td>
              </tr>
              <tr>
                <td style="white-space:nowrap">
                  <a name="http---hl7.org-fhir-encounter-status-in-progress"> </a>
                  <a href="http://hl7.org/fhir/R4/codesystem-encounter-status.html#encounter-status-in-progress">in-progress</a>
                </td>
                <td>In Progress</td>
                <td>The Encounter has begun and the patient is present / the practitioner and the patient are meeting.</td>
              </tr>
              <tr>
                <td style="white-space:nowrap">
                  <a name="http---hl7.org-fhir-encounter-status-finished"> </a>
                  <a href="http://hl7.org/fhir/R4/codesystem-encounter-status.html#encounter-status-finished">finished</a>
                </td>
                <td>Finished</td>
                <td>The Encounter has ended.</td>
              </tr>
              <tr>
                <td style="white-space:nowrap">
                  <a name="http---hl7.org-fhir-encounter-status-planned"> </a>
                  <a href="http://hl7.org/fhir/R4/codesystem-encounter-status.html#encounter-status-planned">planned</a>
                </td>
                <td>Planned</td>
                <td>The Encounter has not yet started.</td>
              </tr>
            </table>
          </div>
        </text>
        <url value="http://hl7.org/fhir/us/pacio-rat/ValueSet/prat-status-vs"/>
        <version value="0.1.0"/>
        <name value="TimepointStatusValueSet"/>
        <title value="Timepoint Status Value Set"/>
        <status value="active"/>
        <date value="2021-07-07T17:06:07-07:00"/>
        <publisher value="HL7 Community-Based Care and Privacy Working Group"/>
        <contact>
          <name value="HL7 Community-Based Care and Privacy Working Group"/>
          <telecom>
            <system value="url"/>
            <value value="http://www.hl7.org/Special/committees/patientempowerment/index.cfm"/>
          </telecom>
          <telecom>
            <system value="email"/>
            <value value="patients@lists.HL7.org"/>
          </telecom>
        </contact>
        <description value="Codes for the current state of the re-assessment timepoint."/>
        <jurisdiction>
          <coding>
            <system value="urn:iso:std:iso:3166"/>
            <code value="US"/>
          </coding>
        </jurisdiction>
        <expansion>
          <identifier value="urn:uuid:4a6c28cd-0bb6-4ae9-8393-53c6d114ffbe"/>
          <timestamp value="2021-07-07T17:06:46-07:00"/>
          <total value="3"/>
          <parameter>
            <name value="excludeNested"/>
            <valueBoolean value="false"/>
          </parameter>
          <parameter>
            <name value="version"/>
            <valueUri value="http://hl7.org/fhir/encounter-status|4.0.1"/>
          </parameter>
          <contains>
            <system value="http://hl7.org/fhir/encounter-status"/>
            <code value="in-progress"/>
            <display value="In Progress"/>
          </contains>
          <contains>
            <system value="http://hl7.org/fhir/encounter-status"/>
            <code value="finished"/>
            <display value="Finished"/>
          </contains>
          <contains>
            <system value="http://hl7.org/fhir/encounter-status"/>
            <code value="planned"/>
            <display value="Planned"/>
          </contains>
        </expansion>
      </ValueSet>
    </resource>
  </entry>
</Bundle>