<?xml version="1.0" encoding="UTF-8"?>

<Encounter xmlns="http://hl7.org/fhir">
  <id value="MDS-Re-assessment-Timepoint-2"/>
  <meta>
    <profile value="http://hl7.org/fhir/us/pacio-rat/StructureDefinition/prat-encounter"/>
  </meta>
  <text>
    <status value="generated"/><div xmlns="http://www.w3.org/1999/xhtml"><p><b>Generated Narrative</b></p><p><b>identifier</b>: id: MDS-Re-assessment-Timepoint-2001</p><p><b>status</b>: finished</p><p><b>class</b>: <span title="{http://hl7.org/fhir/us/pacio-rat/CodeSystem/prat-class-cs SNF}">skilled nursing facility</span></p><p><b>type</b>: <span title="Codes: {http://hl7.org/fhir/us/pacio-rat/CodeSystem/prat-entity-cs payer}">Payer</span></p><p><b>serviceType</b>: <span title="Codes: {http://hl7.org/fhir/us/pacio-rat/CodeSystem/prat-service-type-cs mds}">MDS</span></p><p><b>subject</b>: <a href="Patient-patientBSJ1.html">Generated Summary: id: 10A3D58WH1600; active; Betsy Smith-Johnson; Phone: 210-222-1111; gender: female; birthDate: 1950-11-01; <span title="Codes: {http://terminology.hl7.org/CodeSystem/v3-MaritalStatus U}">unmarried</span></a></p><blockquote><p><b>participant</b></p><p><b>individual</b>: <a href="Practitioner-Practitioner-SummerJohnson.html">Generated Summary: id: 9876543210; active; Summer Johnson; Phone: (210) 555 7632; gender: female</a></p></blockquote><blockquote><p><b>participant</b></p><p><b>individual</b>: <a href="Practitioner-Practitioner-JenCadbury.html">Generated Summary: id: 1928374650; active; Jen Cadbury; Phone: (210) 555 1871; gender: female</a></p></blockquote><p><b>period</b>: 2020-01-14 --&gt; 2020-02-10</p><p><b>reasonCode</b>: <span title="Codes: {http://hl7.org/fhir/sid/icd-10 I63.411}">Cerebral infarction due to embolism of right middle cerebral artery</span></p><h3>Locations</h3><table class="grid"><tr><td>-</td><td><b>Location</b></td></tr><tr><td>*</td><td><a href="Location-Provider-Org-Loc-1.html">Generated Summary: status: active; name: Happy Nursing Facility</a></td></tr></table><p><b>serviceProvider</b>: <a href="Organization-Provider-Org-1.html">Generated Summary: name: Happy Nursing Facility</a></p><p><b>partOf</b>: <a href="Encounter-Encounter-1-SNF-Stay.html">Generated Summary: status: finished; <span title="{http://terminology.hl7.org/CodeSystem/v3-ActCode IMP}">Inpatient encounter</span>; <span title="Codes: {http://snomed.info/sct 32485007}">Hospital admission (procedure)</span>; period: Jan 1, 2020, 12:00:00 PM --&gt; Jan 13, 2020, 7:30:00 AM</a></p></div>
  </text>
  <identifier>
    <system value="http://hl7.org/fhir/us/pacio-rat"/>
    <value value="MDS-Re-assessment-Timepoint-2001"/>
  </identifier>
  <status value="finished"/>
  <class>
    <system value="http://hl7.org/fhir/us/pacio-rat/CodeSystem/prat-class-cs"/>
    <code value="SNF"/>
  </class>
  <type>
    <coding>
      <system value="http://hl7.org/fhir/us/pacio-rat/CodeSystem/prat-entity-cs"/>
      <code value="payer"/>
    </coding>
  </type>
  <serviceType>
    <coding>
      <system value="http://hl7.org/fhir/us/pacio-rat/CodeSystem/prat-service-type-cs"/>
      <code value="mds"/>
    </coding>
  </serviceType>
  <subject>
    <reference value="Patient/patientBSJ1"/>
  </subject>
  <participant>
    <individual>
      <reference value="Practitioner/Practitioner-SummerJohnson"/>
    </individual>
  </participant>
  <participant>
    <individual>
      <reference value="Practitioner/Practitioner-JenCadbury"/>
    </individual>
  </participant>
  <period>
    <start value="2020-01-14"/>
    <end value="2020-02-10"/>
  </period>
  <reasonCode>
    <coding>
      <system value="http://hl7.org/fhir/sid/icd-10"/>
      <code value="I63.411"/>
      <display value="Cerebral infarction due to embolism of right middle cerebral artery"/>
    </coding>
  </reasonCode>
  <location>
    <location>
      <reference value="Location/Provider-Org-Loc-1"/>
    </location>
  </location>
  <serviceProvider>
    <reference value="Organization/Provider-Org-1"/>
  </serviceProvider>
  <partOf>
    <reference value="Encounter/Encounter-1-SNF-Stay"/>
  </partOf>
</Encounter>