<?xml version="1.0" encoding="UTF-8"?>

<Observation xmlns="http://hl7.org/fhir">
  <id value="HHA-MOB-FU-60-OASIS-2C-Ob-Question-46"/>
  <text>
    <status value="extensions"/><div xmlns="http://www.w3.org/1999/xhtml"><p><b>Generated Narrative</b></p><p><b>Event Location</b>: <a href="Location-Provider-Org-Loc-2.html">Generated Summary: status: active; name: Sky Harbor Home Health Services</a></p><p></p><p><b>code</b>: <span title="Codes: {http://loinc.org 94999-0}">Go up and down 4 steps - usual functional ability during assessment period [CMS Assessment]</span></p><p><b>subject</b>: <a href="Patient-patientBSJ1.html">Generated Summary: id: 10A3D58WH1600; active: true; Betsy Smith-Johnson; Phone: 210-222-1111; gender: female; birthDate: 1950-11-01; <span title="Codes: {http://terminology.hl7.org/CodeSystem/v3-MaritalStatus U}">unmarried</span></a></p><p><b>effective</b>: Apr 7, 2020, 9:21:00 AM</p><p><b>performer</b>: <a href="PractitionerRole-provider-role-nurse-Practitioner-JacobHartwell.html">Generated Summary: active: true; <span title="Codes: {http://nucc.org/provider-taxonomy 163WH0200X}">Home Health Registered Nurse</span>; <span title="Codes: {http://snomed.info/sct 408443003}">General medical practice</span></a></p><p><b>value</b>: <span title="Codes: {http://loinc.org LA30911-4}">Supervision or touching assistance - Helper provides verbal cues and/or touching/steadying and/or contact guard assistance as person completes activity. Assistance may be provided throughout the activity or intermittently.</span></p></div>
  </text>
  <extension url="http://hl7.org/fhir/StructureDefinition/event-location">
    <valueReference>
      <reference value="Location/Provider-Org-Loc-2"/>
    </valueReference>
  </extension>
  <status value="final"/>
  <code>
    <coding>
      <system value="http://loinc.org"/>
      <code value="94999-0"/>
      <display value="Go up and down 4 steps - usual functional ability during assessment period [CMS Assessment]"/>
    </coding>
    <text value="Go up and down 4 steps - usual functional ability during assessment period [CMS Assessment]"/>
  </code>
  <subject>
    <reference value="Patient/patientBSJ1"/>
  </subject>
  <effectiveDateTime value="2020-04-07T11:21:00-05:00"/>
  <performer>
    <reference value="PractitionerRole/provider-role-nurse-Practitioner-JacobHartwell"/>
  </performer>
  <valueCodeableConcept>
    <coding>
      <system value="http://loinc.org"/>
      <code value="LA30911-4"/>
      <display value="Supervision or touching assistance - Helper provides verbal cues and/or touching/steadying and/or contact guard assistance as person completes activity. Assistance may be provided throughout the activity or intermittently."/>
    </coding>
    <text value="Supervision or touching assistance - Helper provides verbal cues and/or touching/steadying and/or contact guard assistance as person completes activity. Assistance may be provided throughout the activity or intermittently."/>
  </valueCodeableConcept>
</Observation>