<?xml version="1.0" encoding="UTF-8"?>

<Observation xmlns="http://hl7.org/fhir">
  <id value="SNF-MOB-IP-MDS-IPA-1C-Ob-Question-25"/>
  <text>
    <status value="extensions"/><div xmlns="http://www.w3.org/1999/xhtml"><p><b>Generated Narrative</b></p><p><b>Event Location</b>: <a href="Location-Provider-Org-Loc-1.html">Generated Summary: status: active; name: Happy Nursing Facility</a></p><p></p><p><b>code</b>: <span title="Codes: {http://loinc.org 95003-0}">Walk 50 feet with two turns - usual functional ability during assessment period [CMS Assessment]</span></p><p><b>subject</b>: <a href="Patient-patientBSJ1.html">Generated Summary: id: 10A3D58WH1600; active; Betsy Smith-Johnson; Phone: 210-222-1111; gender: female; birthDate: 1950-11-01; <span title="Codes: {http://terminology.hl7.org/CodeSystem/v3-MaritalStatus U}">unmarried</span></a></p><p><b>effective</b>: Jan 14, 2020, 1:00:00 PM</p><p><b>performer</b>: <a href="PractitionerRole-provider-role-physical-therapist-Practitioner-JenCadbury.html">Generated Summary: active; <span title="Codes: {http://nucc.org/provider-taxonomy 225100000X}">Physical Therapist</span>; <span title="Codes: {http://snomed.info/sct 24430003}">Physical Medicine Specialist</span></a></p><p><b>value</b>: <span title="Codes: {http://loinc.org LA30914-8}">Dependent - Helper does all of the effort. Person does none of the effort to complete the activity. Or, the assistance of 2 or more helpers is required for the person to complete the activity.</span></p></div>
  </text>
  <extension url="http://hl7.org/fhir/StructureDefinition/event-location">
    <valueReference>
      <reference value="Location/Provider-Org-Loc-1"/>
    </valueReference>
  </extension>
  <status value="final"/>
  <code>
    <coding>
      <system value="http://loinc.org"/>
      <code value="95003-0"/>
      <display value="Walk 50 feet with two turns - usual functional ability during assessment period [CMS Assessment]"/>
    </coding>
    <text value="Walk 50 feet with two turns - usual functional ability during assessment period [CMS Assessment]"/>
  </code>
  <subject>
    <reference value="Patient/patientBSJ1"/>
  </subject>
  <effectiveDateTime value="2020-01-14T16:00:00-05:00"/>
  <performer>
    <reference value="PractitionerRole/provider-role-physical-therapist-Practitioner-JenCadbury"/>
  </performer>
  <valueCodeableConcept>
    <coding>
      <system value="http://loinc.org"/>
      <code value="LA30914-8"/>
      <display value="Dependent - Helper does all of the effort. Person does none of the effort to complete the activity. Or, the assistance of 2 or more helpers is required for the person to complete the activity."/>
    </coding>
    <text value="Dependent - Helper does all of the effort. Person does none of the effort to complete the activity. Or, the assistance of 2 or more helpers is required for the person to complete the activity."/>
  </valueCodeableConcept>
</Observation>