<?xml version="1.0" encoding="UTF-8"?>

<Observation xmlns="http://hl7.org/fhir">
  <id value="SNF-MOB-DG-MDS-5-Day-NC-1B-Ob-Question-52"/>
  <text>
    <status value="extensions"/><div xmlns="http://www.w3.org/1999/xhtml"><p><b>Generated Narrative</b></p><p><b>Event Location</b>: <a href="Location-Provider-Org-Loc-1.html">Generated Summary: status: active; name: Happy Nursing Facility</a></p><p></p><p><b>code</b>: <span title="Codes: {http://loinc.org 89377-6}">Wheel 150 feet - functional goal [CMS Assessment]</span></p><p><b>subject</b>: <a href="Patient-patientBSJ1.html">Generated Summary: id: 10A3D58WH1600; active; Betsy Smith-Johnson; Phone: 210-222-1111; gender: female; birthDate: 1950-11-01; <span title="Codes: {http://terminology.hl7.org/CodeSystem/v3-MaritalStatus U}">unmarried</span></a></p><p><b>effective</b>: Jan 2, 2020, 1:00:00 PM</p><p><b>performer</b>: <a href="PractitionerRole-provider-role-nurse-Practitioner-SummerJohnson.html">Generated Summary: active; <span title="Codes: {http://nucc.org/provider-taxonomy 163W00000X}">Registered Nurse</span>; <span title="Codes: {http://snomed.info/sct 224535009}">Registered Nurse (occupation)</span></a></p><p><b>value</b>: <span title="Codes: {http://loinc.org LA10073-7}">Setup or clean-up assistance - Helper sets up or cleans up; patient completes activity. Helper assists only prior to or following the activity.</span></p></div>
  </text>
  <extension url="http://hl7.org/fhir/StructureDefinition/event-location">
    <valueReference>
      <reference value="Location/Provider-Org-Loc-1"/>
    </valueReference>
  </extension>
  <status value="final"/>
  <code>
    <coding>
      <system value="http://loinc.org"/>
      <code value="89377-6"/>
      <display value="Wheel 150 feet - functional goal [CMS Assessment]"/>
    </coding>
    <text value="Wheel 150 feet - functional goal [CMS Assessment]"/>
  </code>
  <subject>
    <reference value="Patient/patientBSJ1"/>
  </subject>
  <effectiveDateTime value="2020-01-02T16:00:00-05:00"/>
  <performer>
    <reference value="PractitionerRole/provider-role-nurse-Practitioner-SummerJohnson"/>
  </performer>
  <valueCodeableConcept>
    <coding>
      <system value="http://loinc.org"/>
      <code value="LA10073-7"/>
      <display value="Setup or clean-up assistance - Helper sets up or cleans up; patient completes activity. Helper assists only prior to or following the activity."/>
    </coding>
    <text value="Setup or clean-up assistance - Helper sets up or cleans up; patient completes activity. Helper assists only prior to or following the activity."/>
  </valueCodeableConcept>
</Observation>