<?xml version="1.0" encoding="UTF-8"?>

<PractitionerRole xmlns="http://hl7.org/fhir">
  <id value="provider-role-physical-therapist-Practitioner-ScottDumble"/>
  <text>
    <status value="generated"/><div xmlns="http://www.w3.org/1999/xhtml"><p><b>Generated Narrative</b></p><p><b>active</b>: true</p><p><b>practitioner</b>: <a href="Practitioner-Practitioner-ScottDumble.html">Generated Summary: active; Scott Dumble; Phone: (210) 555 1399; gender: male</a></p><p><b>organization</b>: <a href="Organization-Provider-Org-2.html">Generated Summary: name: Sky Harbor Home Health Services</a></p><p><b>code</b>: <span title="Codes: {http://nucc.org/provider-taxonomy 225100000X}">Physical Therapist</span></p><p><b>specialty</b>: <span title="Codes: {http://nucc.org/provider-taxonomy 225100000X}">Physical Therapist</span></p><p><b>location</b>: <a href="Location-Provider-Org-Loc-2.html">Generated Summary: status: active; name: Sky Harbor Home Health Services</a></p></div>
  </text>
  <active value="true"/>
  <practitioner>
    <reference value="Practitioner/Practitioner-ScottDumble"/>
  </practitioner>
  <organization>
    <reference value="Organization/Provider-Org-2"/>
  </organization>
  <code>
    <coding>
      <system value="http://nucc.org/provider-taxonomy"/>
      <code value="225100000X"/>
      <display value="Physical Therapist"/>
    </coding>
  </code>
  <specialty>
    <coding>
      <system value="http://nucc.org/provider-taxonomy"/>
      <code value="225100000X"/>
      <display value="Physical Therapist"/>
    </coding>
  </specialty>
  <location>
    <reference value="Location/Provider-Org-Loc-2"/>
  </location>
</PractitionerRole>