<?xml version="1.0" encoding="UTF-8"?>

<ValueSet xmlns="http://hl7.org/fhir">
  <id value="prat-class-vs"/>
  <text>
    <status value="generated"/><div xmlns="http://www.w3.org/1999/xhtml"><p>This value set includes codes based on the following rules:</p><ul><li>Import all the codes that are contained in <a href="https://terminology.hl7.org/1.0.0//ValueSet-v3-ActEncounterCode.html">http://terminology.hl7.org/ValueSet/v3-ActEncounterCode</a></li><li>Include all codes defined in <a href="CodeSystem-prat-class-cs.html"><code>http://hl7.org/fhir/us/pacio-rat/CodeSystem/prat-class-cs</code></a></li></ul></div>
  </text>
  <url value="http://hl7.org/fhir/us/pacio-rat/ValueSet/prat-class-vs"/>
  <version value="0.1.0"/>
  <name value="TimepointClassValueSet"/>
  <title value="Timepoint Class Value Set"/>
  <status value="active"/>
  <date value="2021-07-20T22:04:19-07:00"/>
  <publisher value="HL7 Community-Based Care and Privacy Working Group"/>
  <contact>
    <name value="HL7 Community-Based Care and Privacy Working Group"/>
    <telecom>
      <system value="url"/>
      <value value="http://www.hl7.org/Special/committees/patientempowerment/index.cfm"/>
    </telecom>
    <telecom>
      <system value="email"/>
      <value value="patients@lists.HL7.org"/>
    </telecom>
  </contact>
  <description value="Codes for the classification of patient timepoint. This is an extension of the ActEncounterCode value set"/>
  <jurisdiction>
    <coding>
      <system value="urn:iso:std:iso:3166"/>
      <code value="US"/>
    </coding>
  </jurisdiction>
  <compose>
    <include>
      <valueSet value="http://terminology.hl7.org/ValueSet/v3-ActEncounterCode"/>
    </include>
    <include>
      <system value="http://hl7.org/fhir/us/pacio-rat/CodeSystem/prat-class-cs"/>
    </include>
  </compose>
</ValueSet>