<?xml version="1.0" encoding="UTF-8"?><SearchParameter xmlns="http://hl7.org/fhir"><id value="encounter-based-on"/><url value="http://hl7.org/fhir/us/pacio-rat/SearchParameter/encounter-based-on"/><version value="0.1.0"/><name value="Timepoint_BasedOn"/><status value="active"/><date value="2021-06-22T15:34:06-07:00"/><publisher value="HL7 Community-Based Care and Privacy Working Group"/><contact><name value="HL7 Community-Based Care and Privacy Working Group"/><telecom><system value="url"/><value value="http://www.hl7.org/Special/committees/patientempowerment/index.cfm"/></telecom><telecom><system value="email"/><value value="patients@lists.HL7.org"/></telecom></contact><description value="The ClinicalImpression or ServiceRequest that initiated this timepoint"/><jurisdiction><coding><system value="urn:iso:std:iso:3166"/><code value="US"/></coding></jurisdiction><code value="based-on"/><base value="Encounter"/><type value="reference"/><expression value="Encounter.basedOn | Encounter.basedOn.extension.where(url=&#39;http://hl7.org/fhir/us/pacio-rat/StructureDefinition/clinicalImpression&#39;).valueReference"/><target value="ServiceRequest"/><target value="ClinicalImpression"/></SearchParameter>