<?xml version="1.0" encoding="UTF-8"?><ValueSet xmlns="http://hl7.org/fhir"><id value="prat-status-vs"/><text><status value="extensions"/><div xmlns="http://www.w3.org/1999/xhtml"><ul><li>Include these codes as defined in <a href="http://hl7.org/fhir/R4/codesystem-encounter-status.html"><code>http://hl7.org/fhir/encounter-status</code></a><table class="none"><tr><td style="white-space:nowrap"><b>Code</b></td><td><b>Display</b></td><td><b>Definition</b></td></tr><tr><td><a href="http://hl7.org/fhir/R4/codesystem-encounter-status.html#encounter-status-in-progress">in-progress</a></td><td>In Progress</td><td>The Encounter has begun and the patient is present / the practitioner and the patient are meeting.</td></tr><tr><td><a href="http://hl7.org/fhir/R4/codesystem-encounter-status.html#encounter-status-finished">finished</a></td><td>Finished</td><td>The Encounter has ended.</td></tr><tr><td><a href="http://hl7.org/fhir/R4/codesystem-encounter-status.html#encounter-status-planned">planned</a></td><td>Planned</td><td>The Encounter has not yet started.</td></tr></table></li></ul></div></text><url value="http://hl7.org/fhir/us/pacio-rat/ValueSet/prat-status-vs"/><version value="0.1.0"/><name value="TimepointStatusValueSet"/><title value="Timepoint Status Value Set"/><status value="active"/><date value="2021-07-07T20:31:04-07:00"/><publisher value="HL7 Community-Based Care and Privacy Working Group"/><contact><name value="HL7 Community-Based Care and Privacy Working Group"/><telecom><system value="url"/><value value="http://www.hl7.org/Special/committees/patientempowerment/index.cfm"/></telecom><telecom><system value="email"/><value value="patients@lists.HL7.org"/></telecom></contact><description value="Codes for the current state of the re-assessment timepoint."/><jurisdiction><coding><system value="urn:iso:std:iso:3166"/><code value="US"/></coding></jurisdiction><compose><include><system value="http://hl7.org/fhir/encounter-status"/><concept><code value="in-progress"/></concept><concept><code value="finished"/></concept><concept><code value="planned"/></concept></include></compose></ValueSet>