{
  "resourceType": "Observation",
  "id": "SNF-SC-AP-MDS-5-Day-NC-1B-Ob-Question-10",
  "text": {
    "status": "extensions",
    "div": "<div xmlns=\"http://www.w3.org/1999/xhtml\"><p><b>Generated Narrative</b></p><p><b>Event Location</b>: <a href=\"Location-Provider-Org-Loc-1.html\">Generated Summary: status: active; name: Happy Nursing Facility</a></p><p></p><p><b>code</b>: <span title=\"Codes: {http://loinc.org 95013-9}\">Lower body dressing - usual functional ability during assessment period [CMS Assessment]</span></p><p><b>subject</b>: <a href=\"Patient-patientBSJ1.html\">Generated Summary: id: 10A3D58WH1600; active: true; Betsy Smith-Johnson; Phone: 210-222-1111; gender: female; birthDate: 1950-11-01; <span title=\"Codes: {http://terminology.hl7.org/CodeSystem/v3-MaritalStatus U}\">unmarried</span></a></p><p><b>effective</b>: Jan 2, 2020, 1:00:00 PM</p><p><b>performer</b>: <a href=\"PractitionerRole-provider-role-nurse-Practitioner-SummerJohnson.html\">Generated Summary: active: true; <span title=\"Codes: {http://nucc.org/provider-taxonomy 163W00000X}\">Registered Nurse</span>; <span title=\"Codes: {http://snomed.info/sct 408443003}\">General medical practice</span></a></p><p><b>value</b>: <span title=\"Codes: {http://loinc.org LA11759-0}\">Substantial/maximal assistance - Helper does more than half the effort. Helper lifts or holds trunk or limbs and provides more than half the effort.</span></p></div>"
  },
  "extension": [
    {
      "url": "http://hl7.org/fhir/StructureDefinition/event-location",
      "valueReference": {
        "reference": "Location/Provider-Org-Loc-1"
      }
    }
  ],
  "status": "final",
  "code": {
    "coding": [
      {
        "system": "http://loinc.org",
        "code": "95013-9",
        "display": "Lower body dressing - usual functional ability during assessment period [CMS Assessment]"
      }
    ],
    "text": "Lower body dressing - usual functional ability during assessment period [CMS Assessment]"
  },
  "subject": {
    "reference": "Patient/patientBSJ1"
  },
  "effectiveDateTime": "2020-01-02T16:00:00-05:00",
  "performer": [
    {
      "reference": "PractitionerRole/provider-role-nurse-Practitioner-SummerJohnson"
    }
  ],
  "valueCodeableConcept": {
    "coding": [
      {
        "system": "http://loinc.org",
        "code": "LA11759-0",
        "display": "Substantial/maximal assistance - Helper does more than half the effort. Helper lifts or holds trunk or limbs and provides more than half the effort."
      }
    ],
    "text": "Substantial/maximal assistance - Helper does more than half the effort. Helper lifts or holds trunk or limbs and provides more than half the effort."
  }
}