{
  "resourceType": "Observation",
  "id": "SNF-SC-DP-MDS-Discharge-ND-1E-Ob-Question-22",
  "text": {
    "status": "extensions",
    "div": "<div xmlns=\"http://www.w3.org/1999/xhtml\"><p><b>Generated Narrative</b></p><p><b>Event Location</b>: <a href=\"Location-Provider-Org-Loc-1.html\">Generated Summary: status: active; name: Happy Nursing Facility</a></p><p></p><p><b>code</b>: <span title=\"Codes: {http://loinc.org 95015-4}\">Shower/bathe self - usual functional ability during assessment period [CMS Assessment]</span></p><p><b>subject</b>: <a href=\"Patient-patientBSJ1.html\">Generated Summary: id: 10A3D58WH1600; active: true; Betsy Smith-Johnson; Phone: 210-222-1111; gender: female; birthDate: 1950-11-01; <span title=\"Codes: {http://terminology.hl7.org/CodeSystem/v3-MaritalStatus U}\">unmarried</span></a></p><p><b>effective</b>: Feb 10, 2020, 7:00:00 AM</p><p><b>performer</b>: <a href=\"PractitionerRole-provider-role-physical-therapist-Practitioner-JenCadbury.html\">Generated Summary: active: true; <span title=\"Codes: {http://nucc.org/provider-taxonomy 225100000X}\">Physical Therapist</span>; <span title=\"Codes: {http://snomed.info/sct 394601005}\">Clinical physiology</span></a></p><p><b>value</b>: <span title=\"Codes: {http://loinc.org LA10055-4}\">Partial/moderate assistance - Helper does less than half the effort. Helper lifts, holds or supports trunk or limbs, but provides less than half the effort.</span></p></div>"
  },
  "extension": [
    {
      "url": "http://hl7.org/fhir/StructureDefinition/event-location",
      "valueReference": {
        "reference": "Location/Provider-Org-Loc-1"
      }
    }
  ],
  "status": "final",
  "code": {
    "coding": [
      {
        "system": "http://loinc.org",
        "code": "95015-4",
        "display": "Shower/bathe self - usual functional ability during assessment period [CMS Assessment]"
      }
    ],
    "text": "Shower/bathe self - usual functional ability during assessment period [CMS Assessment]"
  },
  "subject": {
    "reference": "Patient/patientBSJ1"
  },
  "effectiveDateTime": "2020-02-10T10:00:00-05:00",
  "performer": [
    {
      "reference": "PractitionerRole/provider-role-physical-therapist-Practitioner-JenCadbury"
    }
  ],
  "valueCodeableConcept": {
    "coding": [
      {
        "system": "http://loinc.org",
        "code": "LA10055-4",
        "display": "Partial/moderate assistance - Helper does less than half the effort. Helper lifts, holds or supports trunk or limbs, but provides less than half the effort."
      }
    ],
    "text": "Partial/moderate assistance - Helper does less than half the effort. Helper lifts, holds or supports trunk or limbs, but provides less than half the effort."
  }
}