{
  "resourceType": "Observation",
  "id": "HHA-SC-FU-60-OASIS-2D-Ob-Question-26",
  "text": {
    "status": "extensions",
    "div": "<div xmlns=\"http://www.w3.org/1999/xhtml\"><p><b>Generated Narrative</b></p><p><b>Event Location</b>: <a href=\"Location-Provider-Org-Loc-2.html\">Generated Summary: status: active; name: Sky Harbor Home Health Services</a></p><p></p><p><b>code</b>: <span title=\"Codes: {http://loinc.org 95019-6}\">Eating - usual functional ability during assessment period [CMS Assessment]</span></p><p><b>subject</b>: <a href=\"Patient-patientBSJ1.html\">Generated Summary: id: 10A3D58WH1600; active; Betsy Smith-Johnson; Phone: 210-222-1111; gender: female; birthDate: 1950-11-01; <span title=\"Codes: {http://terminology.hl7.org/CodeSystem/v3-MaritalStatus U}\">unmarried</span></a></p><p><b>effective</b>: Apr 10, 2020, 9:21:00 AM</p><p><b>performer</b>: <a href=\"PractitionerRole-provider-role-nurse-Practitioner-JacobHartwell.html\">Generated Summary: active; <span title=\"Codes: {http://nucc.org/provider-taxonomy 163WH0200X}\">Home Health Registered Nurse</span>; <span title=\"Codes: {http://snomed.info/sct 224535009}\">Registered Nurse (occupation)</span></a></p><p><b>value</b>: <span title=\"Codes: {http://loinc.org LA30909-8}\">Independent - Person completes the activity by him/herself with no assistance from a helper.</span></p></div>"
  },
  "extension": [
    {
      "url": "http://hl7.org/fhir/StructureDefinition/event-location",
      "valueReference": {
        "reference": "Location/Provider-Org-Loc-2"
      }
    }
  ],
  "status": "final",
  "code": {
    "coding": [
      {
        "system": "http://loinc.org",
        "code": "95019-6",
        "display": "Eating - usual functional ability during assessment period [CMS Assessment]"
      }
    ],
    "text": "Eating - usual functional ability during assessment period [CMS Assessment]"
  },
  "subject": {
    "reference": "Patient/patientBSJ1"
  },
  "effectiveDateTime": "2020-04-10T11:21:00-05:00",
  "performer": [
    {
      "reference": "PractitionerRole/provider-role-nurse-Practitioner-JacobHartwell"
    }
  ],
  "valueCodeableConcept": {
    "coding": [
      {
        "system": "http://loinc.org",
        "code": "LA30909-8",
        "display": "Independent - Person completes the activity by him/herself with no assistance from a helper."
      }
    ],
    "text": "Independent - Person completes the activity by him/herself with no assistance from a helper."
  }
}