{
  "resourceType": "Observation",
  "id": "SNF-MOB-IP-MDS-IPA-1C-Ob-Question-2",
  "text": {
    "status": "extensions",
    "div": "<div xmlns=\"http://www.w3.org/1999/xhtml\"><p><b>Generated Narrative</b></p><p><b>Event Location</b>: <a href=\"Location-Provider-Org-Loc-1.html\">Generated Summary: status: active; name: Happy Nursing Facility</a></p><p></p><p><b>code</b>: <span title=\"Codes: {http://loinc.org 95011-3}\">Roll left and right - usual functional ability during assessment period [CMS Assessment]</span></p><p><b>subject</b>: <a href=\"Patient-patientBSJ1.html\">Generated Summary: id: 10A3D58WH1600; active; Betsy Smith-Johnson; Phone: 210-222-1111; gender: female; birthDate: 1950-11-01; <span title=\"Codes: {http://terminology.hl7.org/CodeSystem/v3-MaritalStatus U}\">unmarried</span></a></p><p><b>effective</b>: Jan 14, 2020, 1:00:00 PM</p><p><b>performer</b>: <a href=\"PractitionerRole-provider-role-physical-therapist-Practitioner-JenCadbury.html\">Generated Summary: active; <span title=\"Codes: {http://nucc.org/provider-taxonomy 225100000X}\">Physical Therapist</span>; <span title=\"Codes: {http://snomed.info/sct 24430003}\">Physical Medicine Specialist</span></a></p><p><b>value</b>: <span title=\"Codes: {http://loinc.org LA30911-4}\">Supervision or touching assistance - Helper provides verbal cues and/or touching/steadying and/or contact guard assistance as person completes activity. Assistance may be provided throughout the activity or intermittently.</span></p></div>"
  },
  "extension": [
    {
      "url": "http://hl7.org/fhir/StructureDefinition/event-location",
      "valueReference": {
        "reference": "Location/Provider-Org-Loc-1"
      }
    }
  ],
  "status": "final",
  "code": {
    "coding": [
      {
        "system": "http://loinc.org",
        "code": "95011-3",
        "display": "Roll left and right - usual functional ability during assessment period [CMS Assessment]"
      }
    ],
    "text": "Roll left and right - usual functional ability during assessment period [CMS Assessment]"
  },
  "subject": {
    "reference": "Patient/patientBSJ1"
  },
  "effectiveDateTime": "2020-01-14T16:00:00-05:00",
  "performer": [
    {
      "reference": "PractitionerRole/provider-role-physical-therapist-Practitioner-JenCadbury"
    }
  ],
  "valueCodeableConcept": {
    "coding": [
      {
        "system": "http://loinc.org",
        "code": "LA30911-4",
        "display": "Supervision or touching assistance - Helper provides verbal cues and/or touching/steadying and/or contact guard assistance as person completes activity. Assistance may be provided throughout the activity or intermittently."
      }
    ],
    "text": "Supervision or touching assistance - Helper provides verbal cues and/or touching/steadying and/or contact guard assistance as person completes activity. Assistance may be provided throughout the activity or intermittently."
  }
}