{
  "resourceType": "ValueSet",
  "id": "prat-status-vs",
  "text": {
    "status": "extensions",
    "div": "<div xmlns=\"http://www.w3.org/1999/xhtml\"><ul><li>Include these codes as defined in <a href=\"http://hl7.org/fhir/R4/codesystem-encounter-status.html\"><code>http://hl7.org/fhir/encounter-status</code></a><table class=\"none\"><tr><td style=\"white-space:nowrap\"><b>Code</b></td><td><b>Display</b></td><td><b>Definition</b></td></tr><tr><td><a href=\"http://hl7.org/fhir/R4/codesystem-encounter-status.html#encounter-status-in-progress\">in-progress</a></td><td>In Progress</td><td>The Encounter has begun and the patient is present / the practitioner and the patient are meeting.</td></tr><tr><td><a href=\"http://hl7.org/fhir/R4/codesystem-encounter-status.html#encounter-status-finished\">finished</a></td><td>Finished</td><td>The Encounter has ended.</td></tr><tr><td><a href=\"http://hl7.org/fhir/R4/codesystem-encounter-status.html#encounter-status-planned\">planned</a></td><td>Planned</td><td>The Encounter has not yet started.</td></tr></table></li></ul></div>"
  },
  "url": "http://hl7.org/fhir/us/pacio-rat/ValueSet/prat-status-vs",
  "version": "0.1.0",
  "name": "TimepointStatusValueSet",
  "title": "Timepoint Status Value Set",
  "status": "active",
  "date": "2021-07-01T09:03:17-07:00",
  "publisher": "HL7 Community-Based Care and Privacy Working Group",
  "contact": [
    {
      "name": "HL7 Community-Based Care and Privacy Working Group",
      "telecom": [
        {
          "system": "url",
          "value": "http://www.hl7.org/Special/committees/patientempowerment/index.cfm"
        },
        {
          "system": "email",
          "value": "patients@lists.HL7.org"
        }
      ]
    }
  ],
  "description": "Codes for the current state of the re-assessment timepoint.",
  "jurisdiction": [
    {
      "coding": [
        {
          "system": "urn:iso:std:iso:3166",
          "code": "US"
        }
      ]
    }
  ],
  "compose": {
    "include": [
      {
        "system": "http://hl7.org/fhir/encounter-status",
        "concept": [
          {
            "code": "in-progress"
          },
          {
            "code": "finished"
          },
          {
            "code": "planned"
          }
        ]
      }
    ]
  }
}